{
  "vx": 7.600000000000007,
  "vy": 0.10000000000000007,
  "radius": 6899.7826172753885,
  "altitude": 528.7826172753885,
  "angle": 162.66404589879588,
  "status": "Stable"
}